[{"model": "admin.logentry", "pk": 24, "fields": {"action_time": "2023-08-26T13:59:39.915Z", "user": 2, "content_type": 9, "object_id": "6", "object_repr": "T-Shirt", "action_flag": 3, "change_message": ""}}, {"model": "admin.logentry", "pk": 25, "fields": {"action_time": "2023-08-26T13:59:39.921Z", "user": 2, "content_type": 9, "object_id": "5", "object_repr": "Shoes", "action_flag": 3, "change_message": ""}}, {"model": "admin.logentry", "pk": 26, "fields": {"action_time": "2023-08-26T13:59:39.926Z", "user": 2, "content_type": 9, "object_id": "4", "object_repr": "Watch", "action_flag": 3, "change_message": ""}}, {"model": "admin.logentry", "pk": 27, "fields": {"action_time": "2023-08-26T13:59:39.933Z", "user": 2, "content_type": 9, "object_id": "3", "object_repr": "Project Source Code", "action_flag": 3, "change_message": ""}}, {"model": "admin.logentry", "pk": 28, "fields": {"action_time": "2023-08-26T13:59:39.939Z", "user": 2, "content_type": 9, "object_id": "2", "object_repr": "Mount of Olive's Book", "action_flag": 3, "change_message": ""}}, {"model": "admin.logentry", "pk": 29, "fields": {"action_time": "2023-08-26T13:59:39.944Z", "user": 2, "content_type": 9, "object_id": "1", "object_repr": "Headphones", "action_flag": 3, "change_message": ""}}, {"model": "admin.logentry", "pk": 30, "fields": {"action_time": "2023-08-26T14:00:07.231Z", "user": 2, "content_type": 9, "object_id": "7", "object_repr": "Electric wallpaper", "action_flag": 1, "change_message": "[{\"added\": {}}]"}}, {"model": "admin.logentry", "pk": 31, "fields": {"action_time": "2023-08-26T14:01:19.487Z", "user": 2, "content_type": 9, "object_id": "8", "object_repr": "UEFA soccer ball (size 5)", "action_flag": 1, "change_message": "[{\"added\": {}}]"}}, {"model": "admin.logentry", "pk": 32, "fields": {"action_time": "2023-08-26T14:04:30.430Z", "user": 2, "content_type": 9, "object_id": "9", "object_repr": "Real Madrid Home Jersey", "action_flag": 1, "change_message": "[{\"added\": {}}]"}}, {"model": "admin.logentry", "pk": 33, "fields": {"action_time": "2023-08-26T14:05:00.336Z", "user": 2, "content_type": 9, "object_id": "10", "object_repr": "ARRI ALEXA 35", "action_flag": 1, "change_message": "[{\"added\": {}}]"}}, {"model": "admin.logentry", "pk": 34, "fields": {"action_time": "2023-08-26T14:05:40.564Z", "user": 2, "content_type": 7, "object_id": "7", "object_repr": "Sahil Omkumar Dhillon", "action_flag": 1, "change_message": "[{\"added\": {}}]"}}, {"model": "admin.logentry", "pk": 35, "fields": {"action_time": "2023-08-26T14:05:52.994Z", "user": 2, "content_type": 4, "object_id": "1", "object_repr": "dennis", "action_flag": 3, "change_message": ""}}, {"model": "admin.logentry", "pk": 36, "fields": {"action_time": "2023-08-26T14:07:06.847Z", "user": 2, "content_type": 7, "object_id": "6", "object_repr": "newuser1", "action_flag": 3, "change_message": ""}}, {"model": "admin.logentry", "pk": 37, "fields": {"action_time": "2023-08-26T14:07:06.853Z", "user": 2, "content_type": 7, "object_id": "5", "object_repr": "Final Test", "action_flag": 3, "change_message": ""}}, {"model": "admin.logentry", "pk": 38, "fields": {"action_time": "2023-08-26T14:07:06.860Z", "user": 2, "content_type": 7, "object_id": "4", "object_repr": "Moms House", "action_flag": 3, "change_message": ""}}, {"model": "admin.logentry", "pk": 39, "fields": {"action_time": "2023-08-26T14:07:06.866Z", "user": 2, "content_type": 7, "object_id": "3", "object_repr": "Flash Point", "action_flag": 3, "change_message": ""}}, {"model": "admin.logentry", "pk": 40, "fields": {"action_time": "2023-08-26T14:07:06.871Z", "user": 2, "content_type": 7, "object_id": "2", "object_repr": "dennistest", "action_flag": 3, "change_message": ""}}, {"model": "auth.permission", "pk": 1, "fields": {"name": "Can add log entry", "content_type": 1, "codename": "add_logentry"}}, {"model": "auth.permission", "pk": 2, "fields": {"name": "Can change log entry", "content_type": 1, "codename": "change_logentry"}}, {"model": "auth.permission", "pk": 3, "fields": {"name": "Can delete log entry", "content_type": 1, "codename": "delete_logentry"}}, {"model": "auth.permission", "pk": 4, "fields": {"name": "Can view log entry", "content_type": 1, "codename": "view_logentry"}}, {"model": "auth.permission", "pk": 5, "fields": {"name": "Can add permission", "content_type": 2, "codename": "add_permission"}}, {"model": "auth.permission", "pk": 6, "fields": {"name": "Can change permission", "content_type": 2, "codename": "change_permission"}}, {"model": "auth.permission", "pk": 7, "fields": {"name": "Can delete permission", "content_type": 2, "codename": "delete_permission"}}, {"model": "auth.permission", "pk": 8, "fields": {"name": "Can view permission", "content_type": 2, "codename": "view_permission"}}, {"model": "auth.permission", "pk": 9, "fields": {"name": "Can add group", "content_type": 3, "codename": "add_group"}}, {"model": "auth.permission", "pk": 10, "fields": {"name": "Can change group", "content_type": 3, "codename": "change_group"}}, {"model": "auth.permission", "pk": 11, "fields": {"name": "Can delete group", "content_type": 3, "codename": "delete_group"}}, {"model": "auth.permission", "pk": 12, "fields": {"name": "Can view group", "content_type": 3, "codename": "view_group"}}, {"model": "auth.permission", "pk": 13, "fields": {"name": "Can add user", "content_type": 4, "codename": "add_user"}}, {"model": "auth.permission", "pk": 14, "fields": {"name": "Can change user", "content_type": 4, "codename": "change_user"}}, {"model": "auth.permission", "pk": 15, "fields": {"name": "Can delete user", "content_type": 4, "codename": "delete_user"}}, {"model": "auth.permission", "pk": 16, "fields": {"name": "Can view user", "content_type": 4, "codename": "view_user"}}, {"model": "auth.permission", "pk": 17, "fields": {"name": "Can add content type", "content_type": 5, "codename": "add_contenttype"}}, {"model": "auth.permission", "pk": 18, "fields": {"name": "Can change content type", "content_type": 5, "codename": "change_contenttype"}}, {"model": "auth.permission", "pk": 19, "fields": {"name": "Can delete content type", "content_type": 5, "codename": "delete_contenttype"}}, {"model": "auth.permission", "pk": 20, "fields": {"name": "Can view content type", "content_type": 5, "codename": "view_contenttype"}}, {"model": "auth.permission", "pk": 21, "fields": {"name": "Can add session", "content_type": 6, "codename": "add_session"}}, {"model": "auth.permission", "pk": 22, "fields": {"name": "Can change session", "content_type": 6, "codename": "change_session"}}, {"model": "auth.permission", "pk": 23, "fields": {"name": "Can delete session", "content_type": 6, "codename": "delete_session"}}, {"model": "auth.permission", "pk": 24, "fields": {"name": "Can view session", "content_type": 6, "codename": "view_session"}}, {"model": "auth.permission", "pk": 25, "fields": {"name": "Can add customer", "content_type": 7, "codename": "add_customer"}}, {"model": "auth.permission", "pk": 26, "fields": {"name": "Can change customer", "content_type": 7, "codename": "change_customer"}}, {"model": "auth.permission", "pk": 27, "fields": {"name": "Can delete customer", "content_type": 7, "codename": "delete_customer"}}, {"model": "auth.permission", "pk": 28, "fields": {"name": "Can view customer", "content_type": 7, "codename": "view_customer"}}, {"model": "auth.permission", "pk": 29, "fields": {"name": "Can add order", "content_type": 8, "codename": "add_order"}}, {"model": "auth.permission", "pk": 30, "fields": {"name": "Can change order", "content_type": 8, "codename": "change_order"}}, {"model": "auth.permission", "pk": 31, "fields": {"name": "Can delete order", "content_type": 8, "codename": "delete_order"}}, {"model": "auth.permission", "pk": 32, "fields": {"name": "Can view order", "content_type": 8, "codename": "view_order"}}, {"model": "auth.permission", "pk": 33, "fields": {"name": "Can add product", "content_type": 9, "codename": "add_product"}}, {"model": "auth.permission", "pk": 34, "fields": {"name": "Can change product", "content_type": 9, "codename": "change_product"}}, {"model": "auth.permission", "pk": 35, "fields": {"name": "Can delete product", "content_type": 9, "codename": "delete_product"}}, {"model": "auth.permission", "pk": 36, "fields": {"name": "Can view product", "content_type": 9, "codename": "view_product"}}, {"model": "auth.permission", "pk": 37, "fields": {"name": "Can add shipping address", "content_type": 10, "codename": "add_shippingaddress"}}, {"model": "auth.permission", "pk": 38, "fields": {"name": "Can change shipping address", "content_type": 10, "codename": "change_shippingaddress"}}, {"model": "auth.permission", "pk": 39, "fields": {"name": "Can delete shipping address", "content_type": 10, "codename": "delete_shippingaddress"}}, {"model": "auth.permission", "pk": 40, "fields": {"name": "Can view shipping address", "content_type": 10, "codename": "view_shippingaddress"}}, {"model": "auth.permission", "pk": 41, "fields": {"name": "Can add order item", "content_type": 11, "codename": "add_orderitem"}}, {"model": "auth.permission", "pk": 42, "fields": {"name": "Can change order item", "content_type": 11, "codename": "change_orderitem"}}, {"model": "auth.permission", "pk": 43, "fields": {"name": "Can delete order item", "content_type": 11, "codename": "delete_orderitem"}}, {"model": "auth.permission", "pk": 44, "fields": {"name": "Can view order item", "content_type": 11, "codename": "view_orderitem"}}, {"model": "auth.user", "pk": 2, "fields": {"password": "pbkdf2_sha256$600000$lt3qJn3ouHU4YTI1rtRn6M$3MnbRbliGsN4iKTJM/mopXkKN+34ULrdPXP91vuifHg=", "last_login": "2023-08-26T13:59:23.297Z", "is_superuser": true, "username": "sahil", "first_name": "", "last_name": "", "email": "", "is_staff": true, "is_active": true, "date_joined": "2023-08-26T13:59:13.733Z", "groups": [], "user_permissions": []}}, {"model": "contenttypes.contenttype", "pk": 1, "fields": {"app_label": "admin", "model": "logentry"}}, {"model": "contenttypes.contenttype", "pk": 2, "fields": {"app_label": "auth", "model": "permission"}}, {"model": "contenttypes.contenttype", "pk": 3, "fields": {"app_label": "auth", "model": "group"}}, {"model": "contenttypes.contenttype", "pk": 4, "fields": {"app_label": "auth", "model": "user"}}, {"model": "contenttypes.contenttype", "pk": 5, "fields": {"app_label": "contenttypes", "model": "contenttype"}}, {"model": "contenttypes.contenttype", "pk": 6, "fields": {"app_label": "sessions", "model": "session"}}, {"model": "contenttypes.contenttype", "pk": 7, "fields": {"app_label": "store", "model": "customer"}}, {"model": "contenttypes.contenttype", "pk": 8, "fields": {"app_label": "store", "model": "order"}}, {"model": "contenttypes.contenttype", "pk": 9, "fields": {"app_label": "store", "model": "product"}}, {"model": "contenttypes.contenttype", "pk": 10, "fields": {"app_label": "store", "model": "shippingaddress"}}, {"model": "contenttypes.contenttype", "pk": 11, "fields": {"app_label": "store", "model": "orderitem"}}, {"model": "sessions.session", "pk": "9c9fos2ixopxmugwfarkrjign5uf4pow", "fields": {"session_data": "NTVhODZiMmM3ZmRiNGJmZjJkNmJmYWFlNWUzYjg2MmY3NjVmNGNmOTp7Il9hdXRoX3VzZXJfaWQiOiIxIiwiX2F1dGhfdXNlcl9iYWNrZW5kIjoiZGphbmdvLmNvbnRyaWIuYXV0aC5iYWNrZW5kcy5Nb2RlbEJhY2tlbmQiLCJfYXV0aF91c2VyX2hhc2giOiIzMjVhNTEzOGJmOWFlNmRiZTg0ZTllOGYwNWM4YjBlM2VhZjVmYmFkIn0=", "expire_date": "2020-05-07T17:19:09.739Z"}}, {"model": "sessions.session", "pk": "h1adq21rt6fcnhdn34u1v9a3n6eaaqsb", "fields": {"session_data": "NTVhODZiMmM3ZmRiNGJmZjJkNmJmYWFlNWUzYjg2MmY3NjVmNGNmOTp7Il9hdXRoX3VzZXJfaWQiOiIxIiwiX2F1dGhfdXNlcl9iYWNrZW5kIjoiZGphbmdvLmNvbnRyaWIuYXV0aC5iYWNrZW5kcy5Nb2RlbEJhY2tlbmQiLCJfYXV0aF91c2VyX2hhc2giOiIzMjVhNTEzOGJmOWFlNmRiZTg0ZTllOGYwNWM4YjBlM2VhZjVmYmFkIn0=", "expire_date": "2020-05-06T17:22:40.594Z"}}, {"model": "sessions.session", "pk": "i92vpcjbasukslk9532fgvemwkbw9cvk", "fields": {"session_data": "NTVhODZiMmM3ZmRiNGJmZjJkNmJmYWFlNWUzYjg2MmY3NjVmNGNmOTp7Il9hdXRoX3VzZXJfaWQiOiIxIiwiX2F1dGhfdXNlcl9iYWNrZW5kIjoiZGphbmdvLmNvbnRyaWIuYXV0aC5iYWNrZW5kcy5Nb2RlbEJhY2tlbmQiLCJfYXV0aF91c2VyX2hhc2giOiIzMjVhNTEzOGJmOWFlNmRiZTg0ZTllOGYwNWM4YjBlM2VhZjVmYmFkIn0=", "expire_date": "2020-05-08T17:04:23.382Z"}}, {"model": "sessions.session", "pk": "kha4epqz49zsic8el3wl2vl3he59xvk1", "fields": {"session_data": "NTVhODZiMmM3ZmRiNGJmZjJkNmJmYWFlNWUzYjg2MmY3NjVmNGNmOTp7Il9hdXRoX3VzZXJfaWQiOiIxIiwiX2F1dGhfdXNlcl9iYWNrZW5kIjoiZGphbmdvLmNvbnRyaWIuYXV0aC5iYWNrZW5kcy5Nb2RlbEJhY2tlbmQiLCJfYXV0aF91c2VyX2hhc2giOiIzMjVhNTEzOGJmOWFlNmRiZTg0ZTllOGYwNWM4YjBlM2VhZjVmYmFkIn0=", "expire_date": "2020-06-01T20:24:52.544Z"}}, {"model": "sessions.session", "pk": "rdk3qy6mb0jy9jajale68jiwjniwcqm0", "fields": {"session_data": ".eJxVjEEOwiAQAP_C2RDYAoJH776B7MIiVUOT0p6MfzckPeh1ZjJvEXHfatw7r3HO4iJAnH4ZYXpyGyI_sN0XmZa2rTPJkcjDdnlbMr-uR_s3qNjr2AafS1GYJ3_2oJBCIqtdQUwJQLGnrDWhIc2mFAeWg5-AQ0KnLDsjPl8CADiJ:1qZtox:wCcB-nfxzp5abooXzL4GiJhf04X47n_9BmcyB2gLUrA", "expire_date": "2023-09-09T13:59:23.305Z"}}, {"model": "store.customer", "pk": 7, "fields": {"user": 2, "name": "Sahil Omkumar Dhillon", "email": "sodhillon_b21@it.vjti.ac.in"}}, {"model": "store.product", "pk": 7, "fields": {"name": "Electric wallpaper", "price": 199.99, "digital": false, "image": "electric-wallpaper.jpg"}}, {"model": "store.product", "pk": 8, "fields": {"name": "UEFA soccer ball (size 5)", "price": 59.99, "digital": false, "image": "football.jpg"}}, {"model": "store.product", "pk": 9, "fields": {"name": "Real Madrid Home Jersey", "price": 135.99, "digital": false, "image": "rm_jersey.jpg"}}, {"model": "store.product", "pk": 10, "fields": {"name": "ARRI ALEXA 35", "price": 77890.0, "digital": false, "image": "camera.jpg"}}, {"model": "store.order", "pk": 1, "fields": {"customer": null, "date_ordered": "2020-04-22T19:58:31.626Z", "complete": true, "transaction_id": "1587668674.658832"}}, {"model": "store.order", "pk": 2, "fields": {"customer": null, "date_ordered": "2020-04-23T19:04:36.029Z", "complete": true, "transaction_id": "1587747795.732169"}}, {"model": "store.order", "pk": 3, "fields": {"customer": null, "date_ordered": "2020-04-24T15:57:10.514Z", "complete": true, "transaction_id": "1587743830.481524"}}, {"model": "store.order", "pk": 4, "fields": {"customer": null, "date_ordered": "2020-04-24T16:11:18.694Z", "complete": true, "transaction_id": "1587744678.679407"}}, {"model": "store.order", "pk": 5, "fields": {"customer": null, "date_ordered": "2020-04-24T16:44:01.733Z", "complete": true, "transaction_id": "1587746641.708331"}}, {"model": "store.order", "pk": 6, "fields": {"customer": null, "date_ordered": "2020-04-24T16:44:04.257Z", "complete": true, "transaction_id": "1587746644.232704"}}, {"model": "store.order", "pk": 7, "fields": {"customer": null, "date_ordered": "2020-04-24T16:45:21.543Z", "complete": true, "transaction_id": "1587746721.534973"}}, {"model": "store.order", "pk": 8, "fields": {"customer": null, "date_ordered": "2020-04-24T16:46:37.232Z", "complete": true, "transaction_id": "1587746797.220775"}}, {"model": "store.order", "pk": 9, "fields": {"customer": null, "date_ordered": "2020-04-24T16:49:09.451Z", "complete": true, "transaction_id": "1587746949.444052"}}, {"model": "store.order", "pk": 10, "fields": {"customer": null, "date_ordered": "2020-04-24T17:03:17.002Z", "complete": true, "transaction_id": "1589836807.537533"}}, {"model": "store.order", "pk": 11, "fields": {"customer": null, "date_ordered": "2020-04-24T17:04:14.106Z", "complete": false, "transaction_id": "1587747854.085384"}}, {"model": "store.order", "pk": 12, "fields": {"customer": null, "date_ordered": "2020-05-18T20:24:45.143Z", "complete": true, "transaction_id": "1589833485.130187"}}, {"model": "store.order", "pk": 13, "fields": {"customer": null, "date_ordered": "2020-05-18T21:20:09.118Z", "complete": false, "transaction_id": null}}, {"model": "store.order", "pk": 14, "fields": {"customer": 7, "date_ordered": "2023-08-26T14:07:08.735Z", "complete": false, "transaction_id": null}}, {"model": "store.orderitem", "pk": 9, "fields": {"product": null, "order": 1, "quantity": 1, "date_added": "2020-04-23T05:44:59.822Z"}}, {"model": "store.orderitem", "pk": 12, "fields": {"product": null, "order": 1, "quantity": 2, "date_added": "2020-04-23T18:24:58.144Z"}}, {"model": "store.orderitem", "pk": 13, "fields": {"product": null, "order": 2, "quantity": 1, "date_added": "2020-04-23T19:04:37.845Z"}}, {"model": "store.orderitem", "pk": 14, "fields": {"product": null, "order": 2, "quantity": 5, "date_added": "2020-04-23T19:04:39.145Z"}}, {"model": "store.orderitem", "pk": 15, "fields": {"product": null, "order": 2, "quantity": 1, "date_added": "2020-04-23T19:04:40.114Z"}}, {"model": "store.orderitem", "pk": 16, "fields": {"product": null, "order": 2, "quantity": 1, "date_added": "2020-04-23T21:26:20.257Z"}}, {"model": "store.orderitem", "pk": 17, "fields": {"product": null, "order": 3, "quantity": 3, "date_added": "2020-04-24T15:57:10.521Z"}}, {"model": "store.orderitem", "pk": 18, "fields": {"product": null, "order": 4, "quantity": 1, "date_added": "2020-04-24T16:11:18.698Z"}}, {"model": "store.orderitem", "pk": 19, "fields": {"product": null, "order": 5, "quantity": 1, "date_added": "2020-04-24T16:44:01.740Z"}}, {"model": "store.orderitem", "pk": 20, "fields": {"product": null, "order": 6, "quantity": 1, "date_added": "2020-04-24T16:44:04.270Z"}}, {"model": "store.orderitem", "pk": 21, "fields": {"product": null, "order": 7, "quantity": 1, "date_added": "2020-04-24T16:45:21.547Z"}}, {"model": "store.orderitem", "pk": 22, "fields": {"product": null, "order": 8, "quantity": 1, "date_added": "2020-04-24T16:46:37.237Z"}}, {"model": "store.orderitem", "pk": 23, "fields": {"product": null, "order": 9, "quantity": 1, "date_added": "2020-04-24T16:49:09.457Z"}}, {"model": "store.orderitem", "pk": 24, "fields": {"product": null, "order": 11, "quantity": 1, "date_added": "2020-04-24T17:04:14.112Z"}}, {"model": "store.orderitem", "pk": 25, "fields": {"product": null, "order": 11, "quantity": 1, "date_added": "2020-04-24T17:04:14.117Z"}}, {"model": "store.orderitem", "pk": 26, "fields": {"product": null, "order": 11, "quantity": 2, "date_added": "2020-04-24T17:04:14.121Z"}}, {"model": "store.orderitem", "pk": 34, "fields": {"product": null, "order": 10, "quantity": 3, "date_added": "2020-04-27T18:09:24.750Z"}}, {"model": "store.orderitem", "pk": 36, "fields": {"product": null, "order": 12, "quantity": 1, "date_added": "2020-05-18T20:24:45.149Z"}}, {"model": "store.orderitem", "pk": 37, "fields": {"product": null, "order": 12, "quantity": 1, "date_added": "2020-05-18T20:24:45.154Z"}}, {"model": "store.orderitem", "pk": 38, "fields": {"product": 8, "order": 14, "quantity": 1, "date_added": "2023-08-26T14:07:16.971Z"}}, {"model": "store.orderitem", "pk": 39, "fields": {"product": 9, "order": 14, "quantity": 1, "date_added": "2023-08-26T14:07:18.257Z"}}, {"model": "store.orderitem", "pk": 40, "fields": {"product": 10, "order": 14, "quantity": 2, "date_added": "2023-08-26T14:07:19.460Z"}}, {"model": "store.shippingaddress", "pk": 1, "fields": {"customer": null, "order": 1, "address": "2134567", "city": "Pizza", "state": "PA", "zipcode": "5678", "date_added": "2020-04-23T19:04:34.678Z"}}, {"model": "store.shippingaddress", "pk": 2, "fields": {"customer": null, "order": 3, "address": "915 Jefferson Street", "city": "Vancouver", "state": "Washington", "zipcode": "98660", "date_added": "2020-04-24T15:57:10.536Z"}}, {"model": "store.shippingaddress", "pk": 3, "fields": {"customer": null, "order": 9, "address": "2911 NE Cherry RD", "city": "Vancouver", "state": "Washington", "zipcode": "98663", "date_added": "2020-04-24T16:49:09.466Z"}}, {"model": "store.shippingaddress", "pk": 4, "fields": {"customer": null, "order": 2, "address": "915 Jefferson Street", "city": "Vancouver", "state": "Washington", "zipcode": "98660", "date_added": "2020-04-24T17:03:15.747Z"}}, {"model": "store.shippingaddress", "pk": 5, "fields": {"customer": null, "order": 11, "address": "11806 NE 128th Place", "city": "Seattle", "state": "Washington", "zipcode": "986876", "date_added": "2020-04-24T17:04:14.133Z"}}, {"model": "store.shippingaddress", "pk": 6, "fields": {"customer": null, "order": 12, "address": "16000", "city": "pa", "state": "pa", "zipcode": "66565", "date_added": "2020-05-18T20:24:45.165Z"}}, {"model": "store.shippingaddress", "pk": 7, "fields": {"customer": null, "order": 10, "address": "16000", "city": "pa", "state": "pa", "zipcode": "66565", "date_added": "2020-05-18T21:20:07.560Z"}}]
